{"Theta": [0.8794179101184085, 0.46400449978212877, 0.8788124019749033, -1.403341950133361, -0.4112509525435658, -0.7773369845850352, -0.0475307343034639, -0.24503156183253555, -0.14053328088770972, -0.10396793608961823, -1.025999775453191, -0.06159041792467395, -0.3997278818970903, -0.07560980857268443, -0.7773964798696311, -0.24751070562786126, -0.15523882571079367, -0.058269329795369, -0.1767055209533167, -0.11150744842036217, -0.38784207518727276, -0.7362739733047304, -0.013084822524729492, -0.2032562205657631, -0.002189419554541986, -0.21363468377247913, -0.022200963116101355, -0.7073683696866502], "Cost": 0.543295853831527}